jmbg,ime,prezime,username,password
1405004324939,Dunja,Todoroviæ,DunjaTodoroviæ00,97361
2309995838534,Danica,Lazareviæ,DanicaLazareviæ99,58311
2404989898268,Lazar,Stefanoviæ,LazarStefanoviæ98,74107
1206999369654,Strahinja,Æiriæ,StrahinjaÆiriæ99,44954
2904996774582,Arsenije,Milojeviæ,ArsenijeMilojeviæ99,91629
2508000477954,Sara,Stankoviæ,SaraStankoviæ00,87133
2204999355638,Iskra,Vasiæ,IskraVasiæ99,18275
0702985474665,Stefan,Blagojeviæ,StefanBlagojeviæ98,59462
2705986469269,Vukan,Paunoviæ,VukanPaunoviæ98,95275
1804999496288,Ivan,Uroševiæ,IvanUroševiæ99,69647
2604001723962,Nina,Tomiæ,NinaTomiæ00,59261
0604988958678,Staša,Živanoviæ,StašaŽivanoviæ98,41834
1906002559735,Vasilije,Rakiæ,VasilijeRakiæ00,76368
1506984856423,Jakov,Tošiæ,JakovTošiæ98,41780
1304998987974,Miljan,Stamenkoviæ,MiljanStamenkoviæ99,00552
0906002937592,Sofija,Jankoviæ,SofijaJankoviæ00,70358
1305993796956,Anja,Radovanoviæ,AnjaRadovanoviæ99,15127
1208986434329,Luka,Mitiæ,LukaMitiæ98,83417
0504997866775,Marko,Periæ,MarkoPeriæ99,94707
0308995687894,Sava,Ðurðeviæ,SavaÐurðeviæ99,30802
0404997834826,Ðurða,Petroviæ,ÐurðaPetroviæ99,19019
1303004883534,Maša,Ivanoviæ,MašaIvanoviæ00,13406
2402986276576,Hana,Ðuriæ,HanaÐuriæ98,98074
0603007223363,Bogdan,Pešiæ,BogdanPešiæ00,24853
2305985349388,Konstantin,Ivkoviæ,KonstantinIvkoviæ98,92802
2706000927653,Minja,Živkoviæ,MinjaŽivkoviæ00,02573
0606999374997,Anðela,Aleksiæ,AnðelaAleksiæ99,15871
0602982242254,Kristina,Gajiæ,KristinaGajiæ98,84346
2906996954466,Jovan,Matiæ,JovanMatiæ99,77675
2605997435234,Damjan,Raduloviæ,DamjanRaduloviæ99,65007
1506996264943,Srna,Pavloviæ,SrnaPavloviæ99,14786
2504996886232,Jana,Mitroviæ,JanaMitroviæ99,72924
0707987883672,Anðelija,Bogdanoviæ,AnðelijaBogdanoviæ98,10398
1407998238287,Mihajlo,Zdravkoviæ,MihajloZdravkoviæ99,52372
2602987857769,Miloš,Radoviæ,MilošRadoviæ98,62799
0607005257492,Petra,Kovaèeviæ,PetraKovaèeviæ00,97771
1807985453495,Elena,Milosavljeviæ,ElenaMilosavljeviæ98,14001
2606027525545,Andrej,Stojkoviæ,AndrejStojkoviæ2,35716
1902983458767,Maksim,Gavriloviæ,MaksimGavriloviæ98,24012
1503995774786,Zoran,Ðukiæ,ZoranÐukiæ99,37750
0908996778687,Nika,Ðorðeviæ,NikaÐorðeviæ99,37898
1909995995942,Una,Saviæ,UnaSaviæ99,37736
2602983634876,Jovana,Marinkoviæ,JovanaMarinkoviæ98,47407
0505993228883,Nikola,Milanoviæ,NikolaMilanoviæ99,91048
1609987475762,Veljko,Velièkoviæ,VeljkoVelièkoviæ98,56278
1809001466256,Irina,Stojanoviæ,IrinaStojanoviæ00,57885
2402994965854,Anastasija,Obradoviæ,AnastasijaObradoviæ99,98202
3007985288598,Lara,Mihajloviæ,LaraMihajloviæ98,02904
1302996283892,Dušan,Vuèkoviæ,DušanVuèkoviæ99,03874
2705998384567,Milan,Jeremiæ,MilanJeremiæ99,69394
2609992772277,Isidora,Iliæ,IsidoraIliæ99,75116
0908903357493,Lenka,Filipoviæ,LenkaFilipoviæ90,23477
1308984539233,Lana,Novakoviæ,LanaNovakoviæ98,54135
2403996895824,Petar,Miliæ,PetarMiliæ99,96080
1207985628345,Aleksej,Miletiæ,AleksejMiletiæ98,14827
2204992448386,Vanja,Markoviæ,VanjaMarkoviæ99,10925
0308993957663,Nikolina,Laziæ,NikolinaLaziæ99,94739
1606982799295,Iva,Kneževiæ,IvaKneževiæ98,15745
2202997375976,Ognjen,Grujiæ,OgnjenGrujiæ99,88771
0904986823772,Ilija,Miljkoviæ,IlijaMiljkoviæ98,83437
0603998942897,Mina,Popoviæ,MinaPopoviæ99,51007
1805998698827,Naða,Petkoviæ,NaðaPetkoviæ99,32722
2802986392274,Magdalena,Radosavljeviæ,MagdalenaRadosavljeviæ98,19845
0602996676272,Kosta,Babiæ,KostaBabiæ99,79385
1209992863637,Danilo,Nešiæ,DaniloNešiæ99,40298
1803002659533,Lena,Kostiæ,LenaKostiæ00,17970
0304993745743,Mia,Joviæ,MiaJoviæ99,04826
2208002735285,Filip,Vasiljeviæ,FilipVasiljeviæ00,56510
1608982859897,Aleksandar,Maksimoviæ,AleksandarMaksimoviæ98,43021
1204998367969,Boško,Trifunoviæ,BoškoTrifunoviæ99,36695
2702000868443,Ana,Miloševiæ,AnaMiloševiæ00,24579
1903999799653,Katarina,Stevanoviæ,KatarinaStevanoviæ99,27631
0706005549746,Vukašin,Jevtiæ,VukašinJevtiæ00,35766
2906987533538,Teodor,Anðelkoviæ,TeodorAnðelkoviæ98,92416
2603996636845,Slobodan,Božiæ,SlobodanBožiæ99,08730
3103006379647,Mila,Cvetkoviæ,MilaCvetkoviæ00,53737
2708996624299,Andrea,Milenkoviæ,AndreaMilenkoviæ99,53650
1202007893993,Viktor,Ðokiæ,ViktorÐokiæ00,57445
0505985953887,Mateja,Jakovljeviæ,MatejaJakovljeviæ98,89836
0802996973544,Mateo,Radivojeviæ,MateoRadivojeviæ99,88983
1309999366448,Aleksandra,Jovanoviæ,AleksandraJovanoviæ99,74419
0303002887756,Milica,Krstiæ,MilicaKrstiæ00,78427
1408982668983,Marija,Simiæ,MarijaSimiæ98,73733
2207009329525,Uroš,Stanojeviæ,UrošStanojeviæ00,53110
2606983362256,Nemanja,Trajkoviæ,NemanjaTrajkoviæ98,46669
0608003644935,Teodora,Ristiæ,TeodoraRistiæ00,88873
3103994325852,Emilija,Milovanoviæ,EmilijaMilovanoviæ99,85172
1303002795778,Vuk,Antiæ,VukAntiæ00,52558
0207989863669,Ðorðe,Marjanoviæ,ÐorðeMarjanoviæ98,31407
0305995693425,Dejan,Boškoviæ,DejanBoškoviæ99,36280
1808997689277,Ema,Nikoliæ,EmaNikoliæ99,36463
2409001744747,Helena,Lukiæ,HelenaLukiæ00,53354
0308989657384,Kalina,Nedeljkoviæ,KalinaNedeljkoviæ98,72294
1202005955724,Aleksa,Tasiæ,AleksaTasiæ00,91798
3003985263375,Sergej,Arsiæ,SergejArsiæ98,75406
1508006333667,Tara,Dimitrijeviæ,TaraDimitrijeviæ00,24529
3007983723353,Natalija,Mladenoviæ,NatalijaMladenoviæ98,88494
0503003453749,Pavle,Vukoviæ,PavleVukoviæ00,90701
0308984556576,David,Veljkoviæ,DavidVeljkoviæ98,23336
2403997453975,Goran,Milutinoviæ,GoranMilutinoviæ99,79003
